x1,y1,x2,y2
-0.3505090030576185,-3.3348703995764,0.0,0.0
-0.3506591268736069,-3.33629873227495,0.0,0.0
-0.33904159241153026,-3.340242827746844,0.0,0.0
-0.3450753078906941,-3.3535030500351084,0.0,0.0
-0.3450753078906941,-3.3535030500351084,0.0,0.0
-0.38267044996706323,-3.3674865638799694,0.0,0.0
-0.4682590648739379,-3.370635298682957,0.0,0.0
-0.5406657115481676,-3.3661057462712,0.0,0.0
-0.5830105446336479,-3.3580510614201127,0.0,0.0
-0.6045724753742127,-3.3570416987317517,0.0,0.0
-0.6386914517942678,-3.353286203821335,0.0,0.0
-0.6386914517942678,-3.353286203821335,0.0,0.0
-0.6827465646544004,-3.349254834189073,0.0,0.0
-0.713838061637527,-3.3460536211488456,0.0,0.0
-0.7348383162384601,-3.343748177002366,0.0,0.0
-0.7579232507281102,-3.3578342879178558,0.0,0.0
-0.7579232507281102,-3.3578342879178558,0.0,0.0
-0.7882936748936377,-3.3803528887144068,0.0,0.0
-0.8188515394464518,-3.408516524396448,0.0,0.0
-0.8412203324606372,-3.426368369324338,0.0,0.0
-0.8573227147412363,-3.4359560466599164,0.0,0.0
-0.8693590779683739,-3.442305949738835,0.0,0.0
-0.8693590779683739,-3.442305949738835,0.0,0.0
-0.8742303975243427,-3.4457454662571365,0.0,0.0
-0.8736986456677766,-3.448772736230454,0.0,0.0
-0.8647638699327348,-3.4498737959243684,0.0,0.0
-0.8528517481454779,-3.450224066985154,0.0,0.0
-0.8528517481454779,-3.450224066985154,0.0,0.0
-0.8352172128330686,-3.450606689306532,0.0,0.0
-0.8161927224511597,-3.45086096145373,0.0,0.0
-0.7956501352314396,-3.449536775648575,0.0,0.0
-0.7739368863593677,-3.4458427366810613,0.0,0.0
-0.7484303214689666,-3.441033016294837,0.0,0.0
-0.7484303214689666,-3.441033016294837,0.0,0.0
-0.7168379358532327,-3.4356672378599264,0.0,0.0
-0.6828386868120866,-3.4302732763759227,0.0,0.0
-0.6466310904154738,-3.42269990965332,0.0,0.0
-0.6113379005301605,-3.41490462320483,0.0,0.0
-0.6113379005301605,-3.41490462320483,0.0,0.0
-0.5744521575638751,-3.408372980758955,0.0,0.0
-0.5389327781022025,-3.4054923804535644,0.0,0.0
-0.502052330132751,-3.4048770937727078,0.0,0.0
-0.4663116723233929,-3.4056592267844668,0.0,0.0
-0.4663116723233929,-3.4056592267844668,0.0,0.0
-0.4314734791119033,-3.406551916339773,0.0,0.0
-0.3974943193002223,-3.4067684223001744,0.0,0.0
-0.36422235847275175,-3.405614969297394,0.0,0.0
-0.33156555264595705,-3.402827346533501,0.0,0.0
-0.3040792304204181,-3.399723331639089,0.0,0.0
-0.3040792304204181,-3.399723331639089,0.0,0.0
-0.27914798438459426,-3.3960939546491407,0.0,0.0
-0.25873542532545973,-3.391895623579705,0.0,0.0
-0.24022895578869194,-3.3862142843526635,0.0,0.0
-0.22571175851230177,-3.3794278416902848,0.0,0.0
-0.22571175851230177,-3.3794278416902848,0.0,0.0
-0.21273159410298428,-3.371757299546198,0.0,0.0
-0.2012254294491539,-3.3639568188536004,0.0,0.0
-0.19113425436928697,-3.35671294024934,0.0,0.0
-0.1824287505393716,-3.3510308265591022,0.0,0.0
-0.17505526770861815,-3.347477151032022,0.0,0.0
-0.17505526770861815,-3.347477151032022,0.0,0.0
-0.16891717652531246,-3.345925769703267,0.0,0.0
-0.16599499147323885,-3.3457687984467412,0.0,0.0
-0.16816756275174818,-3.3463920295157137,0.0,0.0
-0.1773009029471182,-3.348163561807555,0.0,0.0
-0.1773009029471182,-3.348163561807555,0.0,0.0
-0.1950044058234972,-3.3502420844370877,0.0,0.0
-0.22077348493954788,-3.3524437100772393,0.0,0.0
-0.25401102009743004,-3.3539363227481935,0.0,0.0
-0.2898549671843942,-3.3546422594685907,0.0,0.0
-0.2898549671843942,-3.3546422594685907,0.0,0.0
-0.32605415238374447,-3.3553084384509986,0.0,0.0
-0.3579467750351062,-3.354689781083288,0.0,0.0
-0.3859345449116971,-3.354209180285402,0.0,0.0
-0.40793582846292553,-3.3535097891561665,0.0,0.0
-0.42655277165754696,-3.3535718875555873,0.0,0.0
-0.42655277165754696,-3.3535718875555873,0.0,0.0
-0.43979006639234713,-3.3543329279648275,0.0,0.0
-0.44784800131947294,-3.355348175820719,0.0,0.0
-0.45308101868757306,-3.3563241883090744,0.0,0.0
-0.45989625760745606,-3.357332346488297,0.0,0.0
-0.45989625760745606,-3.357332346488297,0.0,0.0
-0.4701762991239457,-3.357398490285069,0.0,0.0
-0.4817447088066369,-3.357537861701875,0.0,0.0
-0.492387654581673,-3.3576922873703836,0.0,0.0
-0.5000275324988754,-3.3578660035526853,0.0,0.0
-0.5000275324988754,-3.3578660035526853,0.0,0.0
-0.5026511959912869,-3.3576333881134333,0.0,0.0
-0.49830707038180205,-3.355896365087625,0.0,0.0
-0.48753499496261615,-3.353291066821685,0.0,0.0
-0.4708301701575965,-3.3507590672389402,0.0,0.0
-0.4486808304740142,-3.3492160614533097,0.0,0.0
-0.4486808304740142,-3.3492160614533097,0.0,0.0
-0.4235365449666781,-3.3487695965314668,0.0,0.0
-0.3976241574127762,-3.348197050764492,0.0,0.0
-0.3732331446418207,-3.3493797709990694,0.0,0.0
-0.3503857387746068,-3.352871162615227,0.0,0.0
-0.3503857387746068,-3.352871162615227,0.0,0.0
-0.32904258964152966,-3.3581972546362038,0.0,0.0
-0.3111666150264782,-3.3631142246288355,0.0,0.0
-0.29655496346544125,-3.366631165512075,0.0,0.0
-0.2851439233375616,-3.3701578747583576,0.0,0.0
-0.2851439233375616,-3.3701578747583576,0.0,0.0
-0.27901865048809893,-3.374779708326138,0.0,0.0
-0.2780224044219232,-3.381716125130353,0.0,0.0
-0.2817496499223288,-3.3894804409264894,0.0,0.0
-0.28346396109018274,-3.3972467657770866,0.0,0.0
-0.28333650361665325,-3.385396117013997,0.0,0.0
-0.28333650361665325,-3.385396117013997,0.0,0.0
-0.27839619808422356,-3.34071975727235,0.0,0.0
-0.2698134513110815,-3.2697307586550046,0.0,0.0
-0.25789952589049525,-3.1968471148763666,0.0,0.0
-0.24799493299578448,-3.140882677520357,0.0,0.0
-0.24799493299578448,-3.140882677520357,0.0,0.0
-0.2415004580062797,-3.0994853213717497,0.0,0.0
-0.24007599712456482,-3.0706358949818053,0.0,0.0
-0.24150207712095204,-3.0509159651559448,0.0,0.0
-0.24356166214724043,-3.038128546729718,0.0,0.0
-0.24356166214724043,-3.038128546729718,0.0,0.0
-0.24230556050744725,-3.0312120117072396,0.0,0.0
-0.2379158186815151,-3.0304331093983294,0.0,0.0
-0.23634915452860084,-3.0345604790093805,0.0,0.0
-0.2373504931072311,-3.042646031574232,0.0,0.0
-0.24067359565480642,-3.053068762720413,0.0,0.0
-0.24067359565480642,-3.053068762720413,0.0,0.0
-0.24011763165804742,-3.0648108626948924,0.0,0.0
-0.2378347647506779,-3.0775544944464115,0.0,0.0
-0.23391292088466256,-3.0911743173449566,0.0,0.0
-0.23471984635547635,-3.107397866586057,0.0,0.0
-0.23471984635547635,-3.107397866586057,0.0,0.0
-0.239898530293025,-3.1246803446860327,0.0,0.0
-0.24922814202677598,-3.143242347720291,0.0,0.0
-0.2582367584334693,-3.161624658566179,0.0,0.0
-0.2648731892092812,-3.180308339781868,0.0,0.0
-0.2648731892092812,-3.180308339781868,0.0,0.0
-0.26920473236699644,-3.198884132851024,0.0,0.0
-0.271332483420805,-3.217302654406442,0.0,0.0
-0.2755470033053416,-3.2354428727163147,0.0,0.0
-0.28380813223851126,-3.253033693814553,0.0,0.0
-0.2958879439235359,-3.2700608371481352,0.0,0.0
-0.2958879439235359,-3.2700608371481352,0.0,0.0
-0.307208571415392,-3.2853044806503076,0.0,0.0
-0.31361845093186,-3.2992643201496477,0.0,0.0
-0.3182449280178466,-3.319490206778665,0.0,0.0
-0.3232629529002146,-3.3453519280746087,0.0,0.0
-0.3232629529002146,-3.3453519280746087,0.0,0.0
-0.33064886796905146,-3.3756206828124107,0.0,0.0
-0.33512177839603147,-3.40202535201886,0.0,0.0
-0.3368478430224516,-3.4247168085842965,0.0,0.0
-0.3360154974949628,-3.444178436899758,0.0,0.0
-0.3360154974949628,-3.444178436899758,0.0,0.0
-0.3349877269791796,-3.4606803718143286,0.0,0.0
-0.33606781133455516,-3.475510274332093,0.0,0.0
-0.33903601304458925,-3.4877494330209147,0.0,0.0
-0.34153084538124484,-3.496396048327075,0.0,0.0
-0.341352169056161,-3.5011761600160622,0.0,0.0
-0.341352169056161,-3.5011761600160622,0.0,0.0
-0.3387313499273388,-3.50298821041228,0.0,0.0
-0.33607017719904214,-3.5031531289438385,0.0,0.0
-0.33347116097962265,-3.502787490897832,0.0,0.0
-0.3309721601890763,-3.5022820776464108,0.0,0.0
-0.3309721601890763,-3.5022820776464108,0.0,0.0
-0.3264468997611851,-3.5015103395892395,0.0,0.0
-0.31995873114882695,-3.4998135849923475,0.0,0.0
-0.31379773997201615,-3.497811455170122,0.0,0.0
-0.3101270294735474,-3.496045652591075,0.0,0.0
-0.3101270294735474,-3.496045652591075,0.0,0.0
-0.3088276585868464,-3.494565816941184,0.0,0.0
-0.3075832185554479,-3.49250634795297,0.0,0.0
-0.3042610076684305,-3.489753167484094,0.0,0.0
-0.3010834646200577,-3.486202398286963,0.0,0.0
-0.29810931156444426,-3.4825912167613637,0.0,0.0
-0.29810931156444426,-3.4825912167613637,0.0,0.0
-0.29528773374134837,-3.47827740704766,0.0,0.0
-0.29048986892928513,-3.47315406680521,0.0,0.0
-0.2838321340769094,-3.4672903893034728,0.0,0.0
-0.2775563679382975,-3.4609220556317353,0.0,0.0
-0.2775563679382975,-3.4609220556317353,0.0,0.0
-0.27375997631700405,-3.454274058041996,0.0,0.0
-0.27237604505438207,-3.448056521015993,0.0,0.0
-0.271206995480568,-3.442769692234817,-1.603936470928602e-05,3.4570925890875515e-06
-0.2681830462495583,-3.438882285408374,-5.9889200201723725e-05,1.2877340850536712e-05
-0.2681830462495583,-3.438882285408374,-9.451441292185336e-05,2.0471714378800243e-05
-0.265445379601759,-3.4355001314647033,-0.00018809035827871412,4.519402500591241e-05
-0.265042830415441,-3.432097361751691,-0.0003106741642113775,8.409711153944954e-05
-0.2667661571254837,-3.427694276290795,-0.00046224959078244865,0.00012990913819521666
-0.2684531611928596,-3.4231917639345935,-0.000643676205072552,0.00018958409782499075
-0.27228505253455765,-3.41942150339165,-0.0008595972904004157,0.00026600746787153184
-0.27228505253455765,-3.41942150339165,-0.001107520773075521,0.00035216924152337015
-0.2782250832510729,-3.4173460455751594,-0.001387006021104753,0.0004512953164521605
-0.28594157652601687,-3.4148752807637197,-0.0017011978197842836,0.000565955473575741
-0.29110330444374516,-3.4121040658937107,-0.0020493187475949526,0.0006920383311808109
-0.2937655668079339,-3.4083860834397277,-0.0024301153607666492,0.0008309980621561408
-0.2937655668079339,-3.4083860834397277,-0.0028418544679880142,0.000981312245130539
-0.2941937534757017,-3.405116074241935,-0.0032827514223754406,0.001139284810051322
-0.2945006050782442,-3.4010730128381907,-0.0037669921293854713,0.0013103054370731115
-0.2946922618047882,-3.3963066856441686,-0.004274298902601004,0.0014893393963575363
-0.2948041607544045,-3.3912003977906493,-0.004824008792638779,0.001684631104581058
-0.2948041607544045,-3.3912003977906493,-0.005441336892545223,0.0019043425563722849
-0.29495788921529803,-3.387121080197167,-0.006063864100724459,0.002123508369550109
-0.2971930656272007,-3.3834874595267586,-0.007040086667984724,0.0024593945126980543
-0.3012937178156792,-3.379278907530003,-0.0077470396645367146,0.002698357682675123
-0.30506108541531063,-3.3743965729533225,-0.008902511559426785,0.003091927617788315
-0.3085560075620077,-3.3695542847594937,-0.008902511559426785,0.003091927617788315
-0.3085560075620077,-3.3695542847594937,-0.010105776600539684,0.0034988578408956528
-0.3118549305485585,-3.3654256978520976,-0.010950030758976936,0.003788197645917535
-0.31699110231675587,-3.3614454408922043,-0.01183050125837326,0.004089266527444124
-0.3197830651498668,-3.3586769639156624,-0.012748359702527523,0.004400536883622408
-0.320438471288434,-3.3580602479904367,-0.013699967414140701,0.004722973797470331
-0.320438471288434,-3.3580602479904367,-0.014618296176195145,0.005033846013247967
-0.32321652796349515,-3.358702301943481,-0.015629855915904045,0.005370174068957567
-0.32799142325827907,-3.3605566562831126,-0.016703873872756958,0.00572512112557888
-0.3345601413400479,-3.362551466613931,-0.01778259500861168,0.006087688263505697
-0.33651017591530025,-3.36497375877374,-0.018875539302825928,0.0064572617411613464
-0.3381199475935779,-3.3660221359975995,-0.020022613927721977,0.006847286596894264
-0.3381199475935779,-3.3660221359975995,-0.021328233182430267,0.007292445749044418
-0.3394424416202188,-3.3660876524230865,-0.022551383823156357,0.007714844308793545
-0.3405118977675299,-3.365216446276982,-0.023809783160686493,0.008148218505084515
-0.34139659915331033,-3.364126493199177,-0.024911796674132347,0.008524312637746334
-0.3421425901712733,-3.363149038416625,-0.026232371106743813,0.008970853872597218
-0.3421425901712733,-3.363149038416625,-0.027644064277410507,0.009446492418646812
-0.34479737162637186,-3.361757501940772,-0.02903292514383793,0.009922112338244915
-0.3472895591192635,-3.361161799100626,-0.03030572645366192,0.010364823043346405
-0.34952142790207946,-3.360327632889243,-0.0317583866417408,0.0108787901699543
-0.3494755620383813,-3.3598011045980845,-0.03337709978222847,0.01145603135228157
-0.3494755620383813,-3.3598011045980845,-0.005569462198764086,0.009352771565318108
-0.3472036828991453,-3.358910173868569,-0.005849627777934074,0.009839619509875774
-0.3450812234554725,-3.359135538076177,-0.003059572773054242,0.00038546184077858925
-0.34741707819470763,-3.36129946649438,-0.0032141138799488544,0.00043115956941619515
-0.3539009553540445,-3.3646197999981253,-0.003211583709344268,0.000393049034755677
-0.3539009553540445,-3.3646197999981253,-0.0033738126512616873,0.0004321186279412359
-0.36009684198598507,-3.3691424944408066,-0.003609643317759037,0.0005043416167609394
-0.36594762590392554,-3.374115472441746,-0.003784263040870428,0.0005461056716740131
-0.3714187274651239,-3.379163913533573,-0.004076882265508175,0.0006432390073314309
-0.3763390537020526,-3.382600363633445,-0.0042704083025455475,0.0006929912487976253
-0.38082902374882005,-3.385498938579547,-0.004470928572118282,0.0007457287865690887
-0.38082902374882005,-3.385498938579547,-0.0047892238944768906,0.0008369067800231278
-0.38494654092437247,-3.3882159159823555,-0.005048374179750681,0.0009245424880646169
-0.3887409655194216,-3.3910802691286364,-0.0052745770663022995,0.0009984156349673867
-0.3899439884396136,-3.392660652152207,-0.005274095106869936,0.0009745674906298518
-0.38670808698955544,-3.394219935109792,-0.0054995534010231495,0.0010567707940936089
-0.38670808698955544,-3.394219935109792,-0.005801299121230841,0.0011716918088495731
-0.3813645882195594,-3.3951806260700117,-0.006038303952664137,0.001258024014532566
-0.3740877807437423,-3.3958975873709956,-0.006286366377025843,0.001344627933576703
-0.36700844331629523,-3.3951858692956205,-0.0065330881625413895,0.0014283456839621067
-0.36022921289475746,-3.394135032998895,-0.006785883102566004,0.0015156561275944114
-0.36022921289475746,-3.394135032998895,-0.00704606156796217,0.0016015901928767562
-0.3537288175320829,-3.392449483782512,-0.007311757188290358,0.0016862999182194471
-0.34975267471601496,-3.391632624854067,-0.007588688749819994,0.0017811546567827463
-0.35015722238467273,-3.3903975340054635,-0.007862582802772522,0.0018729554722085595
-0.35272350744226877,-3.3900112028029397,-0.00814069528132677,0.0019639378879219294
-0.3551535980904841,-3.389638329045886,-0.008427022956311703,0.002055021934211254
-0.3551535980904841,-3.389638329045886,-0.008749792352318764,0.002162378281354904
-0.3574891672417899,-3.389617200377424,-0.009051968343555927,0.002265620743855834
-0.36185267845968067,-3.3900121572485893,-0.00932934507727623,0.0023524437565356493
-0.36812558159518716,-3.390762164275682,-0.009642655029892921,0.0024505378678441048
-0.3764758877346555,-3.3938428269999448,-0.009964125230908394,0.002555589657276869
-0.3764758877346555,-3.3938428269999448,-0.010254889726638794,0.002653452567756176
-0.38664254147252636,-3.3981230978801524,-0.01059019472450018,0.0027721745427697897
-0.39638662262057306,-3.403845132186575,-0.010880088433623314,0.002871693577617407
-0.4055911796127214,-3.409878177519095,-0.011224258691072464,0.0029952002223581076
-0.412049868598191,-3.4158049009052824,-0.011595696210861206,0.0031308128964155912
-0.4178541933366124,-3.4200047317471687,-0.011956533417105675,0.0032606020104140043
-0.4178541933366124,-3.4200047317471687,-0.011956533417105675,0.0032606020104140043
-0.4120329909901829,-3.375416453271686,-0.012950900010764599,0.003619674826040864
-0.4120329909901829,-3.375416453271686,-0.013343609869480133,0.0037641741801053286
-0.4018696549931369,-3.3338504935299,-0.013932992704212666,0.003978855907917023
-0.39078308148960833,-3.2998830460858195,-0.002075115917250514,0.00639335485175252
-0.3808367526019365,-3.2736892928904138,-0.002155883237719536,0.006596708204597235
-0.371814141752203,-3.25391962672238,-0.0021198042668402195,0.00675504095852375
-0.3655763641658787,-3.2390742845285025,-0.0022070682607591152,0.006956206168979406
-0.3655763641658787,-3.2390742845285025,-0.002368803368881345,0.007174661848694086
-0.3599457440744815,-3.227755614164391,-0.001154514611698687,-0.00010307959746569395
-0.354808895582924,-3.219162571254389,-0.0011546005262061954,-0.000148153500049375
-0.35032239184658787,-3.2144827204333786,-0.0012297690846025944,-0.00014688324881717563
-0.34646157737469885,-3.213497786829001,-0.0013471011770889163,-0.00011396119225537404
-0.34646157737469885,-3.213497786829001,-0.0014255823334679008,-0.00010573333565844223
-0.3432312644950473,-3.216954267138721,-0.0015114388661459088,-9.261110972147435e-05
-0.34272143714830555,-3.2239952161489955,-0.0016404885100200772,-4.7900641220621765e-05
-0.3445850179684555,-3.232715906342683,-0.0017399722710251808,-3.128219395875931e-05
-0.3485090068859454,-3.2413512515113485,-0.001846509869210422,-9.50136200117413e-06
-0.3485090068859454,-3.2413512515113485,-0.0019599520601332188,2.1244290110189468e-05
-0.35012132450535266,-3.2493151981462156,-0.0020786935929208994,4.862422065343708e-05
-0.3496663697741306,-3.257612306813885,-0.002204079646617174,7.131184975150973e-05
-0.3473019889644468,-3.266827378227377,-0.002335109980776906,9.605188097339123e-05
-0.34734158267502924,-3.2767207321583762,-0.002446309197694063,0.00011762252688640729
-0.3474590998342127,-3.2865040508171735,-0.007044981699436903,0.0104226004332304
-0.3474590998342127,-3.2865040508171735,-0.00924997590482235,0.008068222552537918
-0.34969465389646875,-3.2956135977328436,-0.0054853796027600765,0.010106967762112617
-0.34961353462341876,-3.303203702317306,-0.009351826272904873,0.007476754952222109
-0.3495327912914936,-3.310048458015127,-0.013635441660881042,0.006536951754242182
-0.3473171996005504,-3.3157140982620796,-0.014538692310452461,0.005928536877036095
-0.3473171996005504,-3.3157140982620796,-0.012042867951095104,0.002681551268324256
-0.34525395536196474,-3.3210373266844004,-0.005842927843332291,8.563489245716482e-05
-0.3412114495664677,-3.3255707045406475,-0.003921370953321457,0.007882272824645042
-0.3374614450422211,-3.3301326390296366,0.003391736652702093,0.004350741859525442
-0.3319508606270754,-3.3352618326822507,0.008667592890560627,0.007753107696771622
-0.3269199276880541,-3.3413707688851986,0.012739318422973156,0.009536270052194595
-0.3269199276880541,-3.3413707688851986,0.01670580729842186,0.010342190973460674
-0.3222663034181421,-3.347390669080413,0.02208307757973671,0.009810909628868103
-0.3178328240417931,-3.351641462228238,0.023729799315333366,0.007031440269201994
-0.31564003117205747,-3.3536785183321567,0.026267318055033684,0.006253470201045275
-0.3135164897866531,-3.3538176600474343,0.028225453570485115,0.006109816022217274
-0.3135164897866531,-3.3538176600474343,0.030007390305399895,0.006057069171220064
-0.31145924982236606,-3.352165779502388,0.0319003090262413,0.005897907540202141
-0.3074118245555253,-3.349026756399402,0.033870428800582886,0.006092824973165989
-0.3036274641666499,-3.3453002057567165,0.03634166345000267,0.004759135656058788
-0.29809344444710256,-3.3415275920244523,0.03607720881700516,0.007403930649161339
-0.29809344444710256,-3.3415275920244523,0.03817594423890114,0.006692551542073488
-0.2909478362052133,-3.338060411769059,0.04122285544872284,0.010508278384804726
-0.2822085021543657,-3.3338916912282497,0.04276255890727043,0.008241922594606876
-0.274040707277818,-3.3292477608592494,0.044414933770895004,0.006075768731534481
-0.27038737353171155,-3.323145700921895,0.0446227602660656,0.004448070656508207
-0.2709637411876751,-3.3153525043943692,0.04453781247138977,0.0038119114469736814
-0.2709637411876751,-3.3153525043943692,0.044340141117572784,0.004249657038599253
-0.2761538632375063,-3.3118781551401058,0.044068191200494766,0.0031736979726701975
-0.2826786310172363,-3.3226557651976214,0.043791014701128006,0.002526482567191124
-0.2935001611514733,-3.353396415052792,0.04195564240217209,0.0025962479412555695
-0.30517132439190525,-3.395294048778407,0.04024524986743927,0.003612200263887644
-0.30517132439190525,-3.395294048778407,0.039898354560136795,0.0028986777178943157
-0.31664490935997763,-3.4384682207897916,0.03805720433592796,0.004293003119528294
-0.3247275393311336,-3.4752018166255607,0.03747810795903206,0.00401879521086812
-0.3298775928579859,-3.507974211972959,0.035211339592933655,0.005861339159309864
-0.32998743221179555,-3.5374760949555664,0.03364025056362152,0.007188116665929556
-0.32998743221179555,-3.5374760949555664,0.032007671892642975,0.008581013418734074
-0.3255526268434178,-3.5662005971109125,0.030778249725699425,0.009829324670135975
-0.3144747592624671,-3.5937734831779053,0.02884797379374504,0.011553744785487652
-0.2994174148367865,-3.6196840862034083,0.027525650337338448,0.012727946043014526
-0.2828313199901522,-3.6421658973023554,0.026302430778741837,0.014729814603924751
-0.2716629786038694,-3.6600952965384654,0.025131313130259514,0.01592830754816532
-0.2716629786038694,-3.6600952965384654,0.023834818974137306,0.017085934057831764
-0.2700456344718822,-3.672429502406778,0.022884316742420197,0.018390510231256485
-0.2729143549071416,-3.679899589734646,0.02196207456290722,0.01961136795580387
-0.27781012253724824,-3.6839510307822017,0.021577944979071617,0.0206267349421978
-0.2823678131698799,-3.6855163743837296,0.021174699068069458,0.02159838192164898
-0.2823678131698799,-3.6855163743837296,0.020616982132196426,0.022332431748509407
-0.2910158934040931,-3.684534392418389,0.02039021998643875,0.022859832271933556
-0.30121261087582124,-3.6804109803233627,0.020176947116851807,0.02338274009525776
-0.3105646386809705,-3.672974466622792,0.020147157832980156,0.023961927741765976
-0.3190373326774232,-3.6624630884192553,0.020312165841460228,0.02442982606589794
-0.32674122383633947,-3.649435913303824,0.020614730194211006,0.024878494441509247
-0.32674122383633947,-3.649435913303824,0.020741868764162064,0.025014465674757957
-0.33591424002911124,-3.634787079670449,0.021221747621893883,0.025343062356114388
-0.3421996728680406,-3.6191521179522437,0.021775322034955025,0.02561669982969761
-0.3479143264996723,-3.602791631146966,0.022364798933267593,0.025757577270269394
-0.3530548113353939,-3.5858109468818733,0.022909391671419144,0.02589593641459942
-0.3530548113353939,-3.5858109468818733,0.023637283593416214,0.02594056911766529
-0.3597515694353935,-3.568079058498727,0.024348784238100052,0.025923682376742363
-0.367816394317023,-3.548982953746103,0.025065133348107338,0.02585449628531933
-0.37509949349383526,-3.5292300289460425,0.02594573237001896,0.025792192667722702
-0.3840065206712601,-3.5109635833062804,0.02657492272555828,0.02563558518886566
-0.3840065206712601,-3.5109635833062804,0.02885298617184162,0.024697760120034218
-0.39258752600122154,-3.496428458366484,0.030109813436865807,0.02394649013876915
-0.40096294017245254,-3.486427910399993,0.03088817186653614,0.023518672212958336
-0.40698926606911606,-3.4806207517271983,0.031610991805791855,0.02282044105231762
-0.41267134918507997,-3.47684304883411,0.03185727074742317,0.022763635963201523
-0.4178212430524728,-3.4733479743687887,0.03350919857621193,0.02298641949892044
-0.4178212430524728,-3.4733479743687887,0.03438951075077057,0.02262045256793499
-0.4201472455373861,-3.451250593773531,0.03507908433675766,0.022313907742500305
-0.42017893358792135,-3.4146408228884777,0.03430492803454399,0.021602213382720947
-0.41829952972304607,-3.36641558919801,0.03409699723124504,0.021765178069472313
-0.4169550229629093,-3.32627211157153,0.034147948026657104,0.022418199107050896
-0.4169550229629093,-3.32627211157153,0.03757443279027939,0.018657958135008812
-0.4178615996736381,-3.2920720454970778,0.03800356388092041,0.017746780067682266
-0.42092946101740475,-3.2635610353266586,0.03756996989250183,0.017017321661114693
-0.4258912313384242,-3.2392281797191944,0.03836856037378311,0.01672462187707424
-0.43071395372186533,-3.2189886729974524,0.03793545067310333,0.015580099076032639
-0.43071395372186533,-3.2189886729974524,0.03805822506546974,0.014963275752961636
-0.4353524200529824,-3.2023048702522803,0.03816059231758118,0.014377498999238014
-0.4397522388805482,-3.188567898990874,0.03727734833955765,0.013978243805468082
-0.4439585115736087,-3.177872864617891,0.03719598799943924,0.013473410159349442
-0.44589469489902395,-3.169644524700514,0.036996401846408844,0.012346876785159111
-0.4458841047728397,-3.1653017582346514,0.037173476070165634,0.01351090893149376
-0.4440585185695718,-3.1648941733034577,0.037355173379182816,0.013168057426810265
-0.4440585185695718,-3.1648941733034577,0.03251119703054428,0.009917834773659706
-0.44039937138345125,-3.167469743323077,0.031602099537849426,0.009700855240225792
-0.43704788685050405,-3.1725356176672324,0.03143806383013725,0.009148996323347092
-0.4338575917018686,-3.1787092514259236,0.028785236179828644,0.008885613642632961
-0.4307697108999451,-3.185392701477866,0.028043970465660095,0.008821289986371994
-0.4307697108999451,-3.185392701477866,0.02687486633658409,0.009402450174093246
-0.42556276414765787,-3.191045404537043,0.026238685473799706,0.00957623589783907
-0.4204811515225,-3.19612623482665,0.02440616860985756,0.010062514804303646
-0.4156124717249589,-3.2012318493318586,0.023712683469057083,0.009992282837629318
-0.41098234185134447,-3.206514019187741,0.022490518167614937,0.010234417393803596
-0.40270803929555354,-3.1946062777977997,0.02207735925912857,0.0107120918110013
-0.40270803929555354,-3.1946062777977997,0.020186567679047585,0.011234782636165619
-0.3933209373674598,-3.168797438279798,0.019414572045207024,0.01162034459412098
-0.3831911057277795,-3.1325841678110797,0.019120583310723305,0.012070453725755215
-0.3744267512612931,-3.106022705290791,0.018656905740499496,0.013409268110990524
-0.3669949719581019,-3.088817949679323,0.02083912119269371,0.016461387276649475
-0.3669949719581019,-3.088817949679323,0.020512664690613747,0.017043590545654297
-0.3608218501379499,-3.080302293090179,0.02115151286125183,0.01888672448694706
-0.35584796037776706,-3.0799616544916026,0.021484123542904854,0.018940990790724754
-0.3517882740483014,-3.0851491638397945,0.020677899941802025,0.02020382508635521
-0.34847953527183945,-3.094388390183287,0.021821895614266396,0.020952269434928894
-0.3477609070475385,-3.10571717344908,0.019138069823384285,0.021754268556833267
-0.3477609070475385,-3.10571717344908,0.02559380605816841,0.02308376133441925
-0.3495377324177127,-3.11931057168276,0.025739679113030434,0.023371508345007896
-0.35358536288536513,-3.1341897963824166,0.025224193930625916,0.025290578603744507
-0.3577102721304411,-3.150110300072541,0.02810117043554783,0.02673192508518696
-0.36178794761831146,-3.1661188301516305,0.02771560102701187,0.028548909351229668
-0.36178794761831146,-3.1661188301516305,0.028492173179984093,0.027870051562786102
-0.36364895510257694,-3.1814752312934726,0.02789905108511448,0.028576960787177086
-0.3653618258780808,-3.195246696763583,0.03305099532008171,0.03258548676967621
-0.3669451572715194,-3.207625833479927,0.03433310613036156,0.03421313315629959
-0.36853388392122977,-3.2198212422887846,0.03492147848010063,0.0346577912569046
-0.36853388392122977,-3.2198212422887846,0.03425179421901703,0.035985786467790604
-0.3681974591996124,-3.233183851346802,0.03604520857334137,0.035928063094615936
-0.3661180208901685,-3.248382735302991,0.03520575538277626,0.0367259718477726
-0.36445691477424774,-3.2652450085825193,0.03680345416069031,0.03700447827577591
-0.3631471912506612,-3.2831860370456005,0.036518048495054245,0.03995976969599724
-0.36212752330092696,-3.3016825190639416,0.03795634210109711,0.037737585604190826
-0.36212752330092696,-3.3016825190639416,0.038049645721912384,0.04004007950425148
-0.3612295591448043,-3.319199531807367,0.03808431327342987,0.04502205178141594
-0.3604108850910471,-3.335405925184895,0.038032691925764084,0.04605952277779579
-0.3616820756246158,-3.3492891241560905,0.03746270015835762,0.04602694511413574
-0.3650074586033738,-3.361723320599099,0.03761560469865799,0.04751181975007057
-0.3650074586033738,-3.361723320599099,0.03702687472105026,0.04849926009774208
-0.37018820672107916,-3.3720833464896187,0.03642413765192032,0.04863007739186287
-0.3751003236266193,-3.3815168610170967,0.03712671622633934,0.04892830550670624
-0.3797432342588714,-3.3900662535041035,0.03665203973650932,0.04901804402470589
-0.38421715739336815,-3.398582094892429,0.03721383959054947,0.046303488314151764
-0.38421715739336815,-3.398582094892429,0.03613793104887009,0.04933835566043854
-0.3884771580469422,-3.406721199457998,0.035065531730651855,0.04869583621621132
-0.39257661502659635,-3.4149306002175286,0.03504517301917076,0.04858051985502243
-0.3964149853031999,-3.422394292303356,0.038820672780275345,0.041912440210580826
-0.4001306119814066,-3.4302333807490606,0.03927292302250862,0.04134657606482506
-0.4001306119814066,-3.4302333807490606,0.03531086817383766,0.051808953285217285
-0.4036698277657691,-3.437997639261719,0.040463246405124664,0.05344788730144501
-0.4048765384745738,-3.4455851529935884,0.04822145774960518,0.06500489264726639
-0.4058165193922319,-3.4513373589795453,0.0479913055896759,0.06669755280017853
-0.40646300007129504,-3.45501177811458,0.0488230437040329,0.06615906208753586
-0.4090349463990859,-3.457178867705212,0.049293000251054764,0.06754741072654724
-0.4090349463990859,-3.457178867705212,0.04951345548033714,0.06774476170539856
-0.41131015527432196,-3.4581746514880334,0.04973271116614342,0.06925618648529053
-0.4132966327810183,-3.458036037465105,0.04978141188621521,0.06819961965084076
-0.41500820121205734,-3.456843107178392,0.051078204065561295,0.0692056193947792
-0.4165012188953419,-3.4550188111323847,0.04850325360894203,0.06867293268442154
-0.4165012188953419,-3.4550188111323847,0.04944955185055733,0.06856528669595718
-0.41796169712407777,-3.454039069312566,0.05077546462416649,0.06735839694738388
-0.41939718281327726,-3.4539239019044103,0.04873724654316902,0.06723946332931519
-0.4208939765978393,-3.455332804283041,0.05313735082745552,0.06900350004434586
-0.42236576734884174,-3.4575179993454275,0.04594174399971962,0.06870201230049133
-0.4237658232880681,-3.460053015295123,0.04206475988030434,0.06901457905769348
-0.4237658232880681,-3.460053015295123,0.04084343463182449,0.06909950077533722
-0.42497100996773024,-3.4618884694200247,0.04521968588232994,0.06963518261909485
-0.42594514876272455,-3.462682861269698,0.041508689522743225,0.0708988606929779
-0.42670189299846945,-3.462500533326047,0.025027435272932053,0.08202268183231354
-0.42729733879765464,-3.4617517686868964,0.024334846064448357,0.08234231919050217
-0.42729733879765464,-3.4617517686868964,0.021719355136156082,0.08212542533874512
-0.4277462245292773,-3.460510536855008,0.021719355136156082,0.08212542533874512
-0.42806302530232027,-3.4588493988642193,0.021719355136156082,0.08212542533874512
-0.4282577045089908,-3.4568050963412316,0.021719355136156082,0.08212542533874512
-0.42833989189472627,-3.454412743529039,0.021719355136156082,0.08212542533874512
-0.42833989189472627,-3.454412743529039,0.013925730250775814,0.0823371559381485
-0.42835673236682026,-3.452014221617804,0.010213624686002731,0.07971202582120895
-0.428357381295855,-3.4499691345452255,0.008869311772286892,0.07959579676389694
-0.4283458718055373,-3.4482710417333866,0.008054251782596111,0.07953590154647827
-0.428412522299656,-3.4476177654531206,0.0030516188126057386,0.07704845815896988
-0.4285559397213578,-3.447961785268466,0.0031931917183101177,0.07587642222642899
-0.4285559397213578,-3.447961785268466,0.0025052425917237997,0.07422131299972534
-0.42889860204762237,-3.450266062218166,0.0021394463256001472,0.07404141873121262
-0.4272358150044864,-3.454316974470252,0.002133772475644946,0.07261338829994202
-0.42363892442816226,-3.4596682776959806,0.0019283676519989967,0.07107760012149811
-0.4180989831216378,-3.465227833910287,0.0022940863855183125,0.06891711801290512
-0.4180989831216378,-3.465227833910287,0.0020886969286948442,0.06866227835416794
-0.41288316168304323,-3.4707292299646038,0.0017193323001265526,0.06814554333686829
-0.4058525309928767,-3.476658986770557,0.0015320426318794489,0.0642412006855011
-0.39929104618223926,-3.4827749243940005,0.0011630571680143476,0.06306710094213486
-0.39315495215941865,-3.4887087423480545,0.0007865689694881439,0.058560244739055634
-0.3895379519506424,-3.493618555800953,0.001779847196303308,0.05820827558636665
-0.3895379519506424,-3.493618555800953,0.0017010647570714355,0.05304114893078804
-0.38611623332519995,-3.4974774462547167,0.006297777872532606,0.05461029335856438
-0.38284907651526634,-3.4999909116219725,0.0070374575443565845,0.05588407441973686
-0.3796636929737735,-3.500566135025034,0.0065698884427547455,0.054262854158878326
-0.37876158177744035,-3.499700763743063,0.006715711206197739,0.05360450968146324
-0.37876158177744035,-3.499700763743063,0.006633457262068987,0.05153270810842514
-0.3800984168019355,-3.4981761478258484,0.004460602533072233,0.05135013535618782
-0.3836958066442992,-3.497400067311348,0.0019333118107169867,0.04905683919787407
-0.3872902814045378,-3.4975847529533097,0.002000172156840563,0.04842314124107361
-0.39086802096512124,-3.4986852807286843,0.003649817779660225,0.04851637780666351
-0.39445650728454895,-3.500979723411591,0.007994167506694794,0.049818072468042374
-0.39445650728454895,-3.500979723411591,0.008251534774899483,0.04931344464421272
-0.39800022625119374,-3.5040579202273605,0.00838170200586319,0.04907259717583656
-0.40149004782504516,-3.5078762467863753,0.010125785134732723,0.051305752247571945
-0.40491368312646897,-3.512355128503718,0.015420693904161453,0.04420480132102966
-0.40813650818502195,-3.5164093896178,0.02520087920129299,0.046771492809057236
-0.411075003567416,-3.5193617201684355,0.02660229243338108,0.04710377752780914
-0.411075003567416,-3.5193617201684355,0.02728976681828499,0.046792201697826385
-0.41149541709028276,-3.5208812163797147,0.031345102936029434,0.046878520399332047
-0.40965987804056664,-3.522090292577017,0.032339662313461304,0.05118171498179436
-0.40577444523081113,-3.523705387486782,0.03396991640329361,0.05092884972691536
-0.40218670745683366,-3.5260575503316924,0.03477178514003754,0.05086662620306015
-0.398928582884361,-3.529456774262209,0.04169280827045441,0.05089852958917618
-0.398928582884361,-3.529456774262209,0.043838661164045334,0.04800020530819893
-0.3959553729021963,-3.533495769310694,0.048072777688503265,0.052592284977436066
-0.39121524539966873,-3.5186809795550205,0.04604324698448181,0.056413158774375916
-0.3851278555687914,-3.4890425517312766,0.04292185604572296,0.05593925714492798
-0.3780381759497007,-3.447907964430381,0.04530658572912216,0.05565153807401657
-0.3780381759497007,-3.447907964430381,0.04784068837761879,0.05516704171895981
-0.3702220379782948,-3.4171572021143533,0.05064048618078232,0.05479827895760536
-0.3615408308091175,-3.39474676661875,0.048603788018226624,0.05669035390019417
-0.3519264842411245,-3.3792407984840747,0.04877956211566925,0.05672226846218109
-0.3433510541173263,-3.3694137125586505,0.04611857980489731,0.05891859531402588
-0.33571609731915125,-3.364275414113925,0.04416535049676895,0.058420632034540176
-0.33571609731915125,-3.364275414113925,0.04429653659462929,0.058576758950948715
-0.32896985496292674,-3.3633909179624504,0.04434339702129364,0.05865097418427467
-0.3230000862035101,-3.3656522296272144,0.043080709874629974,0.0635707676410675
-0.31775760017275706,-3.370687349429011,0.036711521446704865,0.05952191725373268
-0.3131184983892976,-3.3772829478458988,0.04370471090078354,0.05923670902848244
-0.3131184983892976,-3.3772829478458988,0.03864295780658722,0.061640627682209015
-0.3090834776364045,-3.3856598763906125,0.039475493133068085,0.06444241106510162
-0.30554571982435325,-3.394817813897775,0.0371345654129982,0.0647740587592125
-0.30249338934255027,-3.404847699507474,0.03701871261000633,0.06485337018966675
-0.29985358173118715,-3.4151461271551535,0.03492717817425728,0.06448466330766678
-0.29985358173118715,-3.4151461271551535,0.03542245551943779,0.06155906990170479
-0.29763232499199976,-3.426013819994776,0.03316483646631241,0.06464681774377823
-0.2957728524336474,-3.437034107479897,0.03468380495905876,0.06482178717851639
-0.2920634509058379,-3.448337036179607,0.033932942897081375,0.0591716431081295
-0.28657265602394005,-3.4595237537687034,0.028358638286590576,0.062133412808179855
-0.27940125643841945,-3.4705696421585164,0.0279383547604084,0.062094639986753464
-0.27940125643841945,-3.4705696421585164,0.025289397686719894,0.06229246035218239
-0.2728064054860883,-3.4809304628843836,0.023364029824733734,0.056997112929821014
-0.2667905765817468,-3.4909689091883345,0.023696724325418472,0.05734610930085182
-0.2613293606997022,-3.5006794066750744,0.024185944348573685,0.0602446012198925
-0.2563976566784612,-3.5100589094940826,0.0255777258425951,0.06118578463792801
-0.2563976566784612,-3.5100589094940826,0.02524496242403984,0.06106320768594742
-0.25413925809476745,-3.518582625632933,0.024867502972483635,0.06685397773981094
-0.254406752576221,-3.5262811961828935,0.024546388536691666,0.05712469294667244
-0.25705341476456534,-3.533186893026034,0.023765364661812782,0.0622546412050724
-0.2597400660539082,-3.5395059217765965,0.03514319285750389,0.06289833039045334
-0.2597400660539082,-3.5395059217765965,0.02868150919675827,0.06599868088960648
-0.2624465933020723,-3.5452630803152974,0.024115275591611862,0.06481282413005829
-0.2651548963489446,-3.5504838603579745,0.025442814454436302,0.06175701320171356
-0.2651548963489446,-3.5504838603579745,0.026086390018463135,0.06297831982374191
-0.2678487817624789,-3.5551942233134177,0.027546165511012077,0.06386251747608185
-0.2705445542583622,-3.559771273277216,0.028431687504053116,0.06381604075431824
-0.2705445542583622,-3.559771273277216,0.034197013825178146,0.06627149879932404
-0.2731970976888698,-3.5638707821949374,0.01783791184425354,0.06355249136686325
-0.27579531519458106,-3.5675191056457627,0.018635958433151245,0.06334713101387024
-0.27823751331820423,-3.569689845421457,0.02559216320514679,0.06292197853326797
-0.2804899495604865,-3.5701170779223173,0.024260908365249634,0.06522201746702194
-0.2804899495604865,-3.5701170779223173,0.035126060247421265,0.06556273996829987
-0.2825832596362028,-3.5692555266285217,0.03156097233295441,0.06314604729413986
-0.28457818502086674,-3.5678898182230703,0.04366790130734444,0.06363622844219208
-0.28653304011349146,-3.5667636014962816,0.05259265750646591,0.06393328309059143
-0.28841153163596217,-3.565526864573713,0.06390173733234406,0.06675922870635986
-0.28841153163596217,-3.565526864573713,0.07107808440923691,0.06598104536533356
-0.29024134455707556,-3.564549499030406,0.08509760349988937,0.06645970791578293
-0.29201853406871364,-3.563829383775122,0.09309210628271103,0.07003182172775269
-0.2937515566479051,-3.5634965188162013,0.09878546744585037,0.06872057914733887
-0.29540651515208083,-3.5631879964340296,0.10341157764196396,0.06949557363986969
-0.296982549242161,-3.562910505152351,0.11091145128011703,0.06974980980157852
-0.296982549242161,-3.562910505152351,0.12727783620357513,0.07517381012439728
-0.30063436032273966,-3.5621932570674795,0.1298873871564865,0.07707570493221283
-0.3039709373252024,-3.5602250476522364,0.12765933573246002,0.07631614804267883
-0.3091233387274435,-3.5565255707765693,0.14217917621135712,0.07919219881296158
-0.3137779527938768,-3.551195631116974,0.1411379724740982,0.07605702430009842
-0.3137779527938768,-3.551195631116974,0.16448096930980682,0.07992620766162872
-0.32022017078251624,-3.545184590680268,0.16745111346244812,0.08331726491451263
-0.3283166942122468,-3.5385138486955037,0.17542973160743713,0.08403195440769196
-0.3379105741921539,-3.5308911339162257,0.18089351058006287,0.08438798040151596
-0.34673662249656556,-3.5222820711804252,0.1802012175321579,0.08179667592048645
-0.34673662249656556,-3.5222820711804252,0.1723233163356781,0.08048366755247116
-0.3526605978217037,-3.512841032302425,0.19129563868045807,0.08184747397899628
-0.3559122754020292,-3.50333725171188,0.1979426145553589,0.08250507712364197
-0.35875737075513014,-3.4935569934192947,0.1954115331172943,0.08222631365060806
-0.36328990640714287,-3.4831176811663576,0.18715545535087585,0.07879579812288284
-0.3693291956633485,-3.471380746205162,0.183335080742836,0.0781390368938446
-0.3693291956633485,-3.471380746205162,0.183335080742836,0.0781390368938446
-0.37682250007503865,-3.4587920003267016,0.183335080742836,0.0781390368938446
-0.38361794623996986,-3.4460136415873825,0.21001304686069489,0.07658163458108902
-0.38982785032475337,-3.4337810598151286,0.21956676244735718,0.07307112216949463
-0.39543227878995085,-3.421740146861468,0.2216348946094513,0.0732630118727684
-0.39543227878995085,-3.421740146861468,0.23108330368995667,0.07369023561477661
-0.4004574615982998,-3.409902803403637,0.2336748093366623,0.07207679003477097
-0.4048631510263682,-3.3977317975075683,0.23842430114746094,0.07286478579044342
-0.4088088535558361,-3.3863111043451646,0.2424127757549286,0.07272839546203613
-0.41231868491383583,-3.3756182402869714,0.2536935806274414,0.06874053180217743
-0.41231868491383583,-3.3756182402869714,0.2518104016780853,0.06895473599433899
-0.415483836849959,-3.366174917462267,0.2557351291179657,0.0687151849269867
-0.4182389142321054,-3.3572269834130597,0.2596696615219116,0.06851818412542343
-0.4206086840492958,-3.348755399799526,0.26610836386680603,0.06909109652042389
-0.4226175669606189,-3.3407403297776628,0.26430636644363403,0.06937990337610245
-0.4242895296600819,-3.333161339809626,0.2626224756240845,0.06947220116853714
-0.4242895296600819,-3.333161339809626,0.27804678678512573,0.06407570838928223
-0.4257335782996739,-3.326694633593059,0.28199198842048645,0.06386034935712814
-0.42693897287812715,-3.3210460288711072,0.28199198842048645,0.06386034935712814
-0.425870620207703,-3.3164026672450277,0.3030487298965454,0.05868777632713318
-0.42471580825019256,-3.3124702366616425,0.3025031089782715,0.05668672174215317
-0.4234346172914983,-3.3087413845901854,0.31392836570739746,0.05463720113039017
-0.42414236385271903,-3.30531098247655,0.3133247196674347,0.057851165533065796
-0.42414236385271903,-3.30531098247655,0.31922948360443115,0.05512145161628723
-0.42464204982169435,-3.3020408282322062,0.3265819847583771,0.05898874253034592
-0.4250785031808548,-3.2999573649174447,0.3308667242527008,0.05890307575464249
-0.4254178995642848,-3.298638187860068,0.33705705404281616,0.058226797729730606
-0.4256708966149283,-3.2980295440936893,0.3370225727558136,0.06059907376766205
-0.4256708966149283,-3.2980295440936893,0.34734344482421875,0.05967339500784874
-0.42572898459313396,-3.297113670408816,0.34603843092918396,0.05871093273162842
-0.42560823420804533,-3.295894060469461,0.3489994406700134,0.05819375440478325
-0.42741766279334853,-3.294452650289159,0.35173237323760986,0.05757622420787811
-0.43117920380207986,-3.293755197360389,0.34251269698143005,0.061915576457977295
-0.43117920380207986,-3.293755197360389,0.34069764614105225,0.06089593097567558
-0.43678337607441026,-3.2937506358328896,0.35403984785079956,0.05998993292450905
-0.44202781357408966,-3.2943121966926796,0.35789090394973755,0.060101527720689774
-0.4468250210945974,-3.294703437959722,0.3617371618747711,0.060216162353754044
-0.4511483322546295,-3.294615000439888,0.36560264229774475,0.060331784188747406
-0.45501728147272447,-3.2940618384843945,0.363227516412735,0.06030281260609627
-0.45501728147272447,-3.2940618384843945,0.3751556873321533,0.06025697663426399
-0.4584521459440636,-3.293060970807528,0.38084515929222107,0.059777598828077316
-0.46160798087206256,-3.292586283946479,0.3841869533061981,0.05947199463844299
-0.4644065823702522,-3.291950802242759,0.3923441767692566,0.059524789452552795
-0.4668665428573798,-3.291156045871528,0.3952231705188751,0.05638985335826874
-0.4668665428573798,-3.291156045871528,0.39216098189353943,0.05624351650476456
-0.468866445900064,-3.289207873442072,0.3950135111808777,0.059211377054452896
-0.47051812154217504,-3.2867730426289383,0.40297073125839233,0.058968331664800644
-0.4718428131527261,-3.283875645750086,0.40600040555000305,0.05899796262383461
-0.47286143925431245,-3.280539906509649,0.4095820188522339,0.05883942171931267
-0.473509952298706,-3.276188404111489,0.4128009080886841,0.05875943601131439
-0.473509952298706,-3.276188404111489,0.41577935218811035,0.058741871267557144
-0.47381335719323414,-3.2708806892709745,0.4144804775714874,0.056041352450847626
-0.4738445905960626,-3.265021041960789,0.4262131452560425,0.056116946041584015
-0.4737152727192108,-3.2592929553722194,0.42346200346946716,0.05332952365279198
-0.47344046603265344,-3.2536970784227806,0.4243054687976837,0.05609908699989319
-0.47344046603265344,-3.2536970784227806,0.4240823984146118,0.05352882668375969
-0.47298596356738143,-3.247887874205459,0.4270590841770172,0.05373259633779526
-0.4723195357805687,-3.241538399597013,0.42979100346565247,0.05394677072763443
-0.47150797912224074,-3.235030939426776,0.43635180592536926,0.05393247678875923
-0.47060749852543715,-3.22867709743819,0.434429407119751,0.05138329789042473
-0.47060749852543715,-3.22867709743819,0.44085487723350525,0.049341559410095215
-0.4696782655092829,-3.2228214086176252,0.440204381942749,0.04952820762991905
-0.46868696998495335,-3.217147954729127,0.4445095956325531,0.04785633832216263
-0.4676018842184629,-3.211356747708351,0.44467541575431824,0.046240273863077164
-0.4664343347602753,-3.2054587616944334,0.4497918486595154,0.043192990124225616
-0.4664343347602753,-3.2054587616944334,0.4535760283470154,0.04283832013607025
-0.46523638779211973,-3.1997593860031386,0.45679426193237305,0.04493938013911247
-0.464064168595342,-3.194597333552352,0.4571259319782257,0.04257490485906601
-0.462921879504754,-3.1899461957990467,0.4608135521411896,0.04224763810634613
-0.45988840803954173,-3.1863844580795377,0.46452105045318604,0.041908614337444305
-0.4550746170197419,-3.1838515378712895,0.4752388298511505,0.04454489424824715
-0.4550746170197419,-3.1838515378712895,0.4786493182182312,0.04441649839282036
-0.4485496160990912,-3.181957087511058,0.4795500338077545,0.0418597012758255
-0.4423482703234504,-3.180054901854655,0.4795500338077545,0.0418597012758255
-0.4364283085934138,-3.177793503640689,0.4795500338077545,0.0418597012758255
-0.43083081709088056,-3.175516735655743,0.4795500338077545,0.0418597012758255
-0.43083081709088056,-3.175516735655743,0.4795500338077545,0.0418597012758255
-0.42559472971854073,-3.1735655464888417,0.4795500338077545,0.0418597012758255
-0.41875564293176365,-3.155977954113231,0.48731935024261475,0.03902886062860489
-0.4089825529557561,-3.1262448346981095,0.50157630443573,0.03964879736304283
-0.39835455100670086,-3.086273762905053,0.5143656730651855,0.030570752918720245
-0.38919633870107523,-3.055069521709188,0.5170266032218933,0.028187422081828117
-0.38919633870107523,-3.055069521709188,0.5242220759391785,0.029937000945210457
-0.38123082746693576,-3.031207463121939,0.5253942012786865,0.02897811494767666
-0.37441497362931986,-3.0136385539819686,0.5267663598060608,0.024668456986546516
-0.36857060864405605,-3.0010126921340095,0.5295155644416809,0.024783259257674217
-0.3654308109095679,-2.9925205068798673,0.5324854254722595,0.025107672438025475
-0.3654308109095679,-2.9925205068798673,0.5358809232711792,0.022749846801161766
-0.36298782594490514,-2.987797825389881,0.54153972864151,0.020428959280252457
-0.361158752480011,-2.9862816425321697,0.5447927117347717,0.022897033020853996
-0.35982097173936617,-2.987084197071423,0.5480324625968933,0.022984813898801804
-0.35894220625690204,-2.9900516962894854,0.5531516671180725,0.020650627091526985
-0.35894220625690204,-2.9900516962894854,0.5536952018737793,0.017611395567655563
-0.35844838539126805,-2.994687713213063,0.5575670599937439,0.01722612790763378
-0.3583111376508182,-3.0008653620609222,0.5614438652992249,0.016863225027918816
-0.35648890897143254,-3.0079896172303293,0.564717173576355,0.014928339049220085
-0.354954642225456,-3.0154030734922315,0.570600152015686,0.01523277536034584
-0.3517541449870481,-3.023271077928007,0.5745393633842468,0.01491117849946022
-0.3517541449870481,-3.023271077928007,0.58036208152771,0.015187927521765232
-0.3489063101100054,-3.031310807312782,0.5853996276855469,0.015395062044262886
-0.34446356462173594,-3.039695700486058,0.5896582007408142,0.015026077628135681
-0.3403716839783531,-3.047457827466271,0.5937215089797974,0.014826547354459763
-0.33661565167315216,-3.0545979314543743,0.6010308265686035,0.01460659597069025
-0.33661565167315216,-3.0545979314543743,0.6030816435813904,0.014532788656651974
-0.33318005701997494,-3.0611203529159234,0.6067150235176086,0.014821283519268036
-0.33008568014576734,-3.0673794420986398,0.6119517087936401,0.014455261640250683
-0.32731466517851504,-3.073366102422978,0.6160442233085632,0.01439001876860857
-0.324812684445199,-3.0787269916250737,0.6198744773864746,0.014448518864810467
-0.324812684445199,-3.0787269916250737,0.6165878772735596,0.0120328264310956
-0.3225639933038026,-3.08347736185886,0.6249609589576721,0.009997060522437096
-0.3205530179588336,-3.0876344577259993,0.6283042430877686,0.00991762988269329
-0.31880088156859077,-3.0915640225203966,0.631405234336853,0.01247377973049879
-0.3172540696270132,-3.0949201151466994,0.6358467936515808,0.006845263764262199
-0.3139774340963731,-3.09790921968615,0.6369165778160095,0.0066043478436768055
-0.3139774340963731,-3.09790921968615,0.6429387331008911,0.006403712090104818
-0.3090643830063575,-3.100543511226576,0.6469365358352661,0.0062610087916255
-0.3026445532692672,-3.1031827912842265,0.6557596921920776,0.0068433997221291065
-0.2966984496732072,-3.105288925088388,0.6599047780036926,0.006771255284547806
-0.29120933784584835,-3.106886555864609,0.6604801416397095,0.004548551049083471
-0.29120933784584835,-3.106886555864609,0.668583869934082,0.004867145325988531
-0.28615955527210096,-3.1080007216695074,0.6742225885391235,0.005088929086923599
-0.28153071398640733,-3.1086566656011176,0.6844162344932556,0.00515021663159132
-0.2773038860824779,-3.108879664900323,0.6887956261634827,0.00510626332834363
-0.2734597727641903,-3.108694877952835,0.6865761876106262,-2.5666487999842502e-05
-0.2734597727641903,-3.108694877952835,0.6907974481582642,-0.0001721856533549726
-0.2700092514674051,-3.1084746107566317,0.6963126063346863,0.0005187181523069739
-0.26504404302742557,-3.1087222263801664,0.7005589604377747,0.0004228510078974068
-0.2586486508933151,-3.109414503628198,0.7101965546607971,0.000684126396663487
-0.2586486508933151,-3.109414503628198,0.7101965546607971,0.000684126396663487
-0.2438136979604871,-3.1118890503121555,0.7189276814460754,-0.003126404481008649
-0.2438136979604871,-3.1118890503121555,0.7232611179351807,-0.0032354306895285845
-0.23733887640562926,-3.1134218955059576,0.7302026748657227,-0.0032243679743260145
-0.231456479893091,-3.115115346833205,0.7332547903060913,-0.00297778332605958
-0.22611531441579072,-3.1166105239557402,0.7420417070388794,-0.002532116835936904
-0.22131801709175414,-3.1183257468978023,0.7405526638031006,-0.0050719319842755795
-0.22131801709175414,-3.1183257468978023,0.7468881011009216,-0.005211611278355122
-0.2170366912840845,-3.1202470311175854,0.7499797940254211,-0.005479118786752224
-0.21324334599898012,-3.122360655591276,0.7541245222091675,-0.005548644810914993
-0.2098856816166743,-3.124304427274432,0.7653226256370544,-0.01066916435956955
-0.20500657170212513,-3.1262029443692225,0.7623174786567688,-0.010526401922106743
-0.198669982017903,-3.1277072081921937,0.7736016511917114,-0.010695514269173145
-0.198669982017903,-3.1277072081921937,0.7738519906997681,-0.013434777967631817
-0.19095899402071068,-3.128837197564657,0.7775054574012756,-0.013265958987176418
-0.18388683196025657,-3.1294948928986988,0.7815868258476257,-0.01346170250326395
-0.17743986328819125,-3.129959972648748,0.7856478095054626,-0.013621541671454906
-0.17158968438368047,-3.130244726704039,0.7911286950111389,-0.017916787415742874
-0.17158968438368047,-3.130244726704039,0.7911964058876038,-0.014094093814492226
-0.16628903249484547,-3.1300112443628922,0.7920571565628052,-0.016478510573506355
-0.16151475969609516,-3.129387051213037,0.7948394417762756,-0.015482231974601746
-0.15530736940405585,-3.1281312369096788,0.7976081967353821,-0.015001393854618073
-0.14775270095778845,-3.1262834674386877,0.7923664450645447,-0.01705082319676876
-0.13892969379308034,-3.123882957447171,0.7902050018310547,-0.016910891979932785
-0.13892969379308034,-3.123882957447171,0.7941484451293945,-0.017038216814398766
-0.13083512335677613,-3.1208842620594743,0.7974815964698792,-0.01711733639240265
-0.12290016824558558,-3.10191920746985,0.7935826182365417,-0.02036530151963234
-0.11521568495367289,-3.0705341646593687,0.7967515587806702,-0.02046346850693226
-0.10784105034350484,-3.0293897797586467,0.8007242679595947,-0.01990104466676712
-0.10784105034350484,-3.0293897797586467,0.8040643930435181,-0.019889039918780327
-0.10137066076491684,-2.996476044527532,0.8117307424545288,-0.020107368007302284
-0.0957080722262151,-2.9700016500948307,0.8092210292816162,-0.023198548704385757
-0.0907918699521102,-2.949174247793336,0.8175706267356873,-0.02320198528468609
-0.0865482278000771,-2.9328366568653537,0.8217024207115173,-0.020330484956502914
-0.0865482278000771,-2.9328366568653537,0.8291828632354736,-0.02009393647313118
-0.08291914795493244,-2.9202708858328044,0.8327658176422119,-0.01997864432632923
-0.07985352723432985,-2.9109382238147057,0.835404098033905,-0.020668096840381622
-0.0773016632021794,-2.9043183746386485,0.837157666683197,-0.018476450815796852
-0.07521539952533221,-2.899910581109172,0.8409082889556885,-0.018238596618175507
-0.07355550175452114,-2.897442269532673,0.8497211933135986,-0.015965789556503296
-0.07355550175452114,-2.897442269532673,0.8521904349327087,-0.016496768221259117
-0.07228909370594018,-2.8967935006985788,0.8559249043464661,-0.014938372187316418
-0.07137220278845346,-2.8974953971667436,0.8593511581420898,-0.013154557906091213
-0.07076776593606736,-2.8992443975985,0.8620138168334961,-0.01368795521557331
-0.0704353718998356,-2.901607483574926,0.8630416393280029,-0.012142932042479515
-0.0704353718998356,-2.901607483574926,0.8688778281211853,-0.013172032311558723
-0.0703611078709432,-2.9048761518265986,0.8601656556129456,-0.013997192494571209
-0.07050718358834519,-2.9086233935075003,0.8755110502243042,-0.011405710130929947
-0.0708623351594063,-2.9131468792090955,0.8761997222900391,-0.013747036457061768
-0.07139143055491891,-2.9180258843465148,0.8847596645355225,-0.013274370692670345
-0.0720921023509853,-2.9237432764225653,0.8896677494049072,-0.012975923717021942
-0.0720921023509853,-2.9237432764225653,0.8937585353851318,-0.012716580182313919
-0.07293149710083398,-2.929874671413329,0.9022024869918823,-0.012482710182666779
-0.07389099244599569,-2.9363695398576475,0.9049476385116577,-0.01233571209013462
-0.07493472849293488,-2.942650776973179,0.9073418974876404,-0.012144018895924091
-0.07604761402100456,-2.948703890820361,0.9137474894523621,-0.014603962190449238
-0.07604761402100456,-2.948703890820361,0.9148494601249695,-0.013784773647785187
-0.07722086030866404,-2.9546636796882786,0.9089956879615784,-0.013438939116895199
-0.07844142544753811,-2.9605129765489817,0.9172338843345642,-0.013216061517596245
-0.07969736932526607,-2.966237085734671,0.9226231575012207,-0.013323739171028137
-0.08097269483586984,-2.971677200958242,0.9286097288131714,-0.013205690309405327
-0.08097269483586984,-2.971677200958242,0.9326413869857788,-0.013079513795673847
-0.08039583102482117,-2.9768800117929755,0.9372736811637878,-0.01225353591144085
-0.0780537961219363,-2.9813444739634254,0.9354434013366699,-0.012426401488482952
-0.07404558124971887,-2.9852433293606904,0.9406659007072449,-0.015226917341351509
-0.07218494985163487,-2.988499165294216,0.9468706846237183,-0.015078773722052574
-0.07236731379437611,-2.9916366451111873,0.9478814005851746,-0.01434189174324274
-0.07236731379437611,-2.9916366451111873,0.9494154453277588,-0.016164327040314674
-0.07262049522700871,-2.994557803858722,0.9571729898452759,-0.015883347019553185
-0.07292320454074624,-2.9969162897523933,0.9553865194320679,-0.015482734888792038
-0.0714118829644766,-2.998434398664957,0.9607999920845032,-0.014819877222180367
-0.07003307049182907,-2.9987548297289783,0.9646435976028442,-0.014781475067138672
-0.07003307049182907,-2.9987548297289783,0.9678139686584473,-0.017163466662168503
-0.06877370761553424,-2.9982960911741166,0.9688846468925476,-0.016745222732424736
-0.06763950304987648,-2.997103825868195,0.974221408367157,-0.01622547022998333
-0.06662321657819707,-2.995223480871856,0.9780295491218567,-0.016205457970499992
-0.06569309554324991,-2.9923480756561083,0.9855040311813354,-0.015863696113228798
-0.06569309554324991,-2.9923480756561083,0.9888920783996582,-0.0158659927546978
-0.06486803484978383,-2.988892765465869,0.9884651303291321,-0.015933549031615257
-0.06594893845061957,-2.9847100873866523,0.9982381463050842,-0.018198303878307343
-0.06700757900749399,-2.9800422410786016,1.0014886856079102,-0.01830889657139778
-0.06984041579405713,-2.9743877161126533,1.0055092573165894,-0.018289366737008095
-0.06984041579405713,-2.9743877161126533,1.0083099603652954,-0.01825828291475773
-0.07254023583110315,-2.968357142069618,1.0130189657211304,-0.016383081674575806
-0.07509884291387199,-2.961844707549114,1.0136139392852783,-0.014130792580544949
-0.07751339006444392,-2.9548630796407536,1.0175992250442505,-0.014259285293519497
-0.07977090812533984,-2.947103480030497,1.0248441696166992,-0.015090525150299072
-0.08366015294405682,-2.9388997792551295,1.0256702899932861,-0.013047341257333755
-0.08366015294405682,-2.9388997792551295,1.029032826423645,-0.013027211651206017
-0.08732536036064052,-2.9308952093555547,1.0356945991516113,-0.016091538593173027
-0.09077311147632887,-2.9232451543230833,1.0390537977218628,-0.016590863466262817
-0.09223009372641555,-2.916023515974704,1.0438952445983887,-0.015065648593008518
-0.09357468373514538,-2.9091431149077738,1.0471439361572266,-0.015004649758338928
-0.09357468373514538,-2.9091431149077738,1.0501010417938232,-0.01471799612045288
-0.09481750654703562,-2.9027993650308943,1.051001787185669,-0.017223162576556206
-0.09773404649317208,-2.896895543140804,1.0583678483963013,-0.01515763346105814
-0.10221644219605935,-2.891182685860428,1.0623624324798584,-0.01508686225861311
-0.10817053016416452,-2.88565701418676,1.073967695236206,-0.015795165672898293
-0.11891929113721196,-2.875609393791139,1.0760480165481567,-0.015777429565787315
-0.12374312365244078,-2.871287995837372,1.0845173597335815,-0.0182939600199461
-0.12374312365244078,-2.871287995837372,1.089794397354126,-0.018237480893731117
-0.12819463024199038,-2.867054805396533,1.0934697389602661,-0.01779627799987793
-0.13227214407936375,-2.8626431431871517,1.0937379598617554,-0.019287461414933205
-0.1377694085343185,-2.8583043357079916,1.101222276687622,-0.018909849226474762
-0.14461937314788328,-2.854384739386908,1.0991556644439697,-0.018944859504699707
-0.14461937314788328,-2.854384739386908,1.097971796989441,-0.01914324052631855
-0.15275059428671356,-2.851124737963809,1.1014541387557983,-0.019328800961375237
-0.1602986005155249,-2.8482466513931812,1.107170581817627,-0.019750162959098816
-0.1672805610211674,-2.84572703483161,1.1088999509811401,-0.021782176569104195
-0.17371517155560556,-2.8435428083227223,1.113906741142273,-0.02144341729581356
-0.1796223822508183,-2.841671354543499,1.1171948909759521,-0.021313441917300224
-0.1796223822508183,-2.841671354543499,1.1205335855484009,-0.021085035055875778
-0.18502314685129825,-2.840090603462984,1.1216063499450684,-0.020900821313261986
-0.189939192577516,-2.83877910479937,1.1311390399932861,-0.0228961743414402
-0.19439280979508963,-2.837716089139718,1.1351717710494995,-0.022996559739112854
-0.19838233448909692,-2.836533638471027,1.1374679803848267,-0.022576304152607918
-0.19838233448909692,-2.836533638471027,1.1431692838668823,-0.022655650973320007
-0.20193199048691027,-2.835231982495465,1.1480348110198975,-0.022729417309165
-0.20506603526070422,-2.8338120310553667,1.1529650688171387,-0.022546567022800446
-0.2078329391543284,-2.832623176804752,1.1541341543197632,-0.024463659152388573
-0.21025523916765562,-2.831647967050199,1.159312129020691,-0.024532655254006386
-0.21025523916765562,-2.831647967050199,1.1650280952453613,-0.022323740646243095
-0.21235512162998418,-2.830869535158444,1.1689385175704956,-0.022074252367019653
-0.2141543282289262,-2.830271638156283,1.172145128250122,-0.02196747064590454
-0.2146523765017612,-2.8152277228479647,1.1780880689620972,-0.024344537407159805
-0.21253611165849695,-2.7887229613312665,1.1801725625991821,-0.024360448122024536
-0.21253611165849695,-2.7887229613312665,1.1809031963348389,-0.020963016897439957
-0.20961896168943403,-2.753079865328822,1.1872751712799072,-0.021029578521847725
-0.20548826409314433,-2.724975185495614,1.191916584968567,-0.02108769305050373
-0.20169256295994206,-2.7032848103521516,1.1927229166030884,-0.021410111337900162
-0.1966281786251829,-2.6871094513737526,1.1930809020996094,-0.021840354427695274
-0.19191403719473984,-2.6753872437713917,1.1992772817611694,-0.02206248603761196
-0.19191403719473984,-2.6753872437713917,1.202177882194519,-0.020213378593325615
-0.18752657535018202,-2.6674424563548116,1.2050682306289673,-0.01999105140566826
-0.18344681719480063,-2.662725356339598,1.2102535963058472,-0.019928742200136185
-0.17967321650726376,-2.6610542887652113,1.2099547386169434,-0.0182642862200737
-0.1761712742483378,-2.661651460182402,1.2115387916564941,-0.020345257595181465
-0.1761712742483378,-2.661651460182402,1.2224575281143188,-0.01891213282942772
-0.17293801576659698,-2.6643704861239765,1.2262616157531738,-0.018744345754384995
-0.16995089488075388,-2.6687187867660165,1.2296026945114136,-0.018660208210349083
-0.1671872780240359,-2.674226848579098,1.2368065118789673,-0.01852235198020935
-0.16291329280181396,-2.6807503031600324,1.240023136138916,-0.01840030960738659
-0.15721467571091927,-2.688199911883302,1.2461873292922974,-0.016690857708454132
-0.15721467571091927,-2.688199911883302,1.2542812824249268,-0.01483677327632904
-0.15018223081785545,-2.6964894048972923,1.2576969861984253,-0.014685588888823986
-0.14359802220396414,-2.704885778186202,1.26085364818573,-0.014672505669295788
-0.1374297039096248,-2.7126471681890645,1.265863060951233,-0.014709574170410633
-0.13341050064748078,-2.720050155620207,1.2707167863845825,-0.014749809168279171
-0.13341050064748078,-2.720050155620207,1.276432752609253,-0.014730378985404968
-0.1314330051630149,-2.727084741449236,1.2783451080322266,-0.013258642517030239
-0.1314013515043039,-2.7340943942020473,1.283554196357727,-0.013295275159180164
-0.13146527441967729,-2.740780928164955,1.2826452255249023,-0.01763782650232315
-0.13161427238836818,-2.7471390534403426,1.2852535247802734,-0.012489894405007362
-0.13161427238836818,-2.7471390534403426,1.2916549444198608,-0.012548928149044514
-0.131820112609863,-2.7528160167729205,1.2945988178253174,-0.01260329782962799
-0.13207453443855155,-2.757830894080382,1.2984782457351685,-0.012411512434482574
-0.13236986511678525,-2.762204653450991,1.3034734725952148,-0.01258440874516964
-0.1327173437094537,-2.7663097952888815,1.3067905902862549,-0.012393047101795673
-0.13310939305110359,-2.7701505120870507,1.311089277267456,-0.012122677639126778
-0.13310939305110359,-2.7701505120870507,1.3140908479690552,-0.010164615698158741
-0.13353089333139193,-2.7735779042494855,1.3140908479690552,-0.010164615698158741
-0.13395740578958104,-2.7762562324416393,1.3137770891189575,-0.011896651238203049
-0.13437418020475386,-2.7780257862205375,1.3268221616744995,-0.011250329203903675
-0.13477766544555325,-2.778931923889236,1.3333661556243896,-0.01077171042561531
-0.13477766544555325,-2.778931923889236,1.3385529518127441,-0.0104674082249403
-0.13516483400645699,-2.7790216173507543,1.3420777320861816,-0.012070789001882076
-0.1355432980042678,-2.7785367452329486,1.3448981046676636,-0.011968606151640415
-0.1359086023760182,-2.777481109200073,1.3500381708145142,-0.013587924651801586
-0.1362583783387594,-2.7758908016865322,1.3528721332550049,-0.0131670031696558
-0.13659062897315896,-2.7738018087825993,1.3576741218566895,-0.014384494163095951
-0.13659062897315896,-2.7738018087825993,1.3620818853378296,-0.013813106343150139
-0.13689507917769816,-2.7710852825280567,1.3647843599319458,-0.013695447705686092
-0.13549038443488534,-2.767857921984959,1.3692013025283813,-0.015087846666574478
-0.1324746969685397,-2.7642902025552103,1.3724720478057861,-0.015005793422460556
-0.12794704369103227,-2.760410794996193,1.3771686553955078,-0.014832621440291405
-0.12794704369103227,-2.760410794996193,1.3775193691253662,-0.015781505033373833
-0.12368567473954849,-2.7561737638513155,1.3854565620422363,-0.018033241853117943
-0.1196695388459646,-2.751125741349039,1.3911386728286743,-0.018874572589993477
-0.11590662920509676,-2.745675547025401,1.389089584350586,-0.01706448756158352
-0.11239098948720554,-2.7398587110037926,1.3928741216659546,-0.01565038412809372
-0.11239098948720554,-2.7398587110037926,1.3972363471984863,-0.015116848051548004
-0.11078630532806293,-2.7339887708936814,1.3976426124572754,-0.013244885951280594
-0.11099147443796138,-2.7280823629865485,1.4020190238952637,-0.015580553561449051
-0.1128992664325932,-2.722154845063058,1.4051234722137451,-0.01654129847884178
-0.11472615065842384,-2.7158110869843384,1.4076170921325684,-0.0168173648416996
-0.11472615065842384,-2.7158110869843384,1.4069269895553589,-0.015074552036821842
-0.1164674654458987,-2.709086200281137,1.4085614681243896,-0.017069606110453606
-0.11811957389911602,-2.7020143125568925,1.4102814197540283,-0.01572931557893753
-0.11970494262527935,-2.6951086617772293,1.410217046737671,-0.01593691296875477
-0.12283171699999977,-2.6879219142122595,1.4069240093231201,-0.014315550215542316
-0.12742543800804954,-2.680832810799283,1.4049553871154785,-0.01454063318669796
-0.12742543800804954,-2.680832810799283,1.4070740938186646,-0.010929569602012634
-0.13339348306425444,-2.673847744365709,1.4043911695480347,-0.012927659787237644
-0.1390334463090028,-2.667422754461383,1.401282548904419,-0.011607397347688675
-0.14432221283888338,-2.661185609894383,1.3995174169540405,-0.011640853248536587
-0.14928889402017922,-2.655484573199093,1.3975218534469604,-0.015415203757584095
-0.14928889402017922,-2.655484573199093,1.3946750164031982,-0.013569632545113564
-0.15392265616622777,-2.650073485367092,1.3934258222579956,-0.015371870249509811
-0.15827961353867118,-2.645643401493553,1.3917975425720215,-0.01506193820387125
-0.16070855053229358,-2.641892274146834,1.3917975425720215,-0.01506193820387125
-0.16132437269735742,-2.6390061461992507,1.3876539468765259,-0.018217459321022034
-0.16021290965918542,-2.6368070847182197,1.38358473777771,-0.01746060512959957
-0.15912380933147244,-2.635504736804538,1.38167405128479,-0.020456695929169655
-0.15808122612456968,-2.635395096320382,1.3802465200424194,-0.017843659967184067
-0.15708748460795896,-2.6363732825148944,1.3762835264205933,-0.019410476088523865
-0.15708748460795896,-2.6363732825148944,1.3763160705566406,-0.021083412691950798
-0.15612749128388956,-2.63801694449408,1.3751986026763916,-0.021167052909731865
-0.15517666748913386,-2.6397368471649925,1.373626947402954,-0.0225853081792593
-0.1542365431078029,-2.6414552564691696,1.370114803314209,-0.02243008092045784
-0.15329307877321807,-2.6428099006002976,1.3684422969818115,-0.02415868081152439
-0.15329307877321807,-2.6428099006002976,1.3676162958145142,-0.02447086200118065
-0.15400542480463497,-2.6438962170058598,1.3666348457336426,-0.026128191500902176
-0.15463362220179652,-2.6446867931815325,1.3647409677505493,-0.02617456205189228
-0.15518185082395575,-2.6451888020693066,1.3610477447509766,-0.027997996658086777
-0.15399147401012497,-2.6451617857765903,1.3628206253051758,-0.02820938266813755
-0.15280443677877262,-2.6445280056377274,1.3608204126358032,-0.028542516753077507
-0.15280443677877262,-2.6445280056377274,1.3583014011383057,-0.028467150405049324
-0.15165493901781138,-2.643880944358005,1.3581100702285767,-0.028627263382077217
-0.15056370491735369,-2.64356752360303,1.3609943389892578,-0.03228798136115074
-0.14954998221086604,-2.643916230227687,1.3646268844604492,-0.03250492364168167
-0.14860192253967816,-2.6446711377106116,1.3678796291351318,-0.03413865342736244
-0.14860192253967816,-2.6446711377106116,1.3680636882781982,-0.03458200395107269
-0.14773753760307032,-2.646154248704986,1.3683040142059326,-0.0350242480635643
-0.1469254124558619,-2.6477518778657156,1.3689748048782349,-0.037045057862997055
-0.14616520017924686,-2.6494498790394156,1.3740496635437012,-0.03625568002462387
-0.14542507211349312,-2.650639456653851,1.3773363828659058,-0.03774723410606384
-0.14542507211349312,-2.650639456653851,1.3828202486038208,-0.037832438945770264
-0.1446847187083005,-2.650937037820539,1.3860479593276978,-0.0381343737244606
-0.14392780599948596,-2.6500397353238445,1.3926749229431152,-0.04040057212114334
-0.14316988141947531,-2.648257259010828,1.394476294517517,-0.03762010484933853
-0.14242707070350877,-2.64591408844285,1.394450068473816,-0.036656685173511505
-0.14171833000611608,-2.643391951033196,1.3968034982681274,-0.03870411217212677
-0.14171833000611608,-2.643391951033196,1.398058295249939,-0.037233445793390274
-0.1410391847925329,-2.640628268702192,1.399487018585205,-0.035540297627449036
-0.14042572209871637,-2.6383367738617562,1.4059046506881714,-0.03559122234582901
-0.1398881307982878,-2.6367389846523115,1.4092252254486084,-0.037571415305137634
-0.13942709333791467,-2.635876610943076,1.4128057956695557,-0.035869769752025604
-0.13942709333791467,-2.635876610943076,1.4143636226654053,-0.03627215325832367
-0.13903900158158355,-2.6357107411262866,1.4184284210205078,-0.034150294959545135
-0.13869465015683388,-2.6357149778703666,1.4200866222381592,-0.03411799296736717
-0.13839174913961552,-2.635877157954478,1.4255589246749878,-0.0342608205974102
-0.13807724413723932,-2.6352168752469365,1.427448034286499,-0.03267790377140045
-0.13776447441838893,-2.6340207598290326,1.4285309314727783,-0.03258015215396881
-0.13776447441838893,-2.6340207598290326,1.430558681488037,-0.0327971875667572
-0.13745329334561981,-2.6323180773633252,1.4299856424331665,-0.03001594729721546
-0.1371421923801653,-2.6301118834241204,1.4305381774902344,-0.0285166185349226
-0.13677669673410828,-2.6263941893857203,1.4289301633834839,-0.027062557637691498
-0.13635980440384524,-2.621253119935269,1.429481029510498,-0.026761025190353394
-0.13635980440384524,-2.621253119935269,1.429924488067627,-0.026458755135536194
-0.13594378807128984,-2.6157163577326163,1.452439308166504,-0.02703423611819744
-0.13558325708384758,-2.6108554036103615,1.4534435272216797,-0.026772964745759964
-0.13529352517288276,-2.6069910923824486,1.4544081687927246,-0.026518234983086586
-0.13508752948343414,-2.604397971892133,1.455270767211914,-0.024534126743674278
-0.13508752948343414,-2.604397971892133,1.4566603899002075,-0.025651128962635994
-0.13494632967577144,-2.602741328143624,1.460848093032837,-0.025969507172703743
-0.13486592744691003,-2.601970503527119,1.4606751203536987,-0.023887040093541145
-0.13451891923076165,-2.595862805961899,1.4614098072052002,-0.02589952014386654
-0.13395526964311275,-2.585395033688,1.4595742225646973,-0.02404114231467247
-0.1332053119847739,-2.57116825422488,1.453629493713379,-0.019659003242850304
-0.1332053119847739,-2.57116825422488,1.4439126253128052,-0.021662745624780655
-0.13257310504209605,-2.559005375010155,1.417714238166809,-0.029005562886595726
-0.13203165301252304,-2.548411249499166,1.416602373123169,-0.029054488986730576
-0.1315584606222965,-2.5389754547098082,1.4185254573822021,-0.03181406855583191
-0.13116653138740178,-2.5309637840858206,1.4137623310089111,-0.030970340594649315
-0.13116653138740178,-2.5309637840858206,1.409293293952942,-0.030150461941957474
-0.13088625438398002,-2.5249726428934647,1.4067964553833008,-0.028945855796337128
-0.13072961369096328,-2.5212461450178036,1.407576560974121,-0.03118128515779972
-0.13068946986331206,-2.5196624282302786,1.4068963527679443,-0.03125908970832825
-0.13074216597453236,-2.5197834096763025,1.4042460918426514,-0.033032480627298355
-0.13074216597453236,-2.5197834096763025,1.4028950929641724,-0.03324742987751961
-0.13086346574559501,-2.5211589358242974,1.4037883281707764,-0.03760294243693352
-0.13261976791809862,-2.5232848836457293,1.402673363685608,-0.03794991225004196